model,setting,variant,cv_f1_mean,cv_f1_std,cv_ap_mean,cv_ap_std,cv_auc_mean,cv_auc_std
RandomForest,baseline,default,0.557,0.117,0.659,0.099,0.878,0.047
GradientBoosting,baseline,default,0.557,0.118,0.636,0.102,0.844,0.052
GradientBoosting,smote,default,0.542,0.099,0.632,0.099,0.845,0.053
RandomForest,smote,default,0.537,0.121,0.633,0.103,0.87,0.044
DecisionTree,baseline,default,0.491,0.09,0.307,0.073,0.72,0.056
DecisionTree,smote,default,0.452,0.107,0.275,0.082,0.717,0.073
SVM,smote,default,0.436,0.121,0.492,0.12,0.823,0.062
SVM,baseline,default,0.421,0.15,0.578,0.105,0.843,0.057
KNN,smote,default,0.336,0.077,0.27,0.085,0.723,0.075
NaiveBayes,baseline,default,0.325,0.132,0.356,0.103,0.769,0.065
NaiveBayes,smote,default,0.318,0.055,0.338,0.1,0.729,0.068
KNN,baseline,default,0.198,0.124,0.278,0.098,0.674,0.076
GradientBoosting,baseline,tuned,0.571,0.12,0.654,0.106,0.864,0.054
DecisionTree,baseline,tuned,0.557,0.126,0.507,0.106,0.748,0.064
RandomForest,baseline,tuned,0.556,0.112,0.661,0.102,0.877,0.048
RandomForest,smote,tuned,0.542,0.103,0.638,0.106,0.872,0.048
GradientBoosting,smote,tuned,0.536,0.101,0.641,0.098,0.851,0.052
SVM,baseline,tuned,0.498,0.128,0.603,0.102,0.842,0.062
DecisionTree,smote,tuned,0.464,0.104,0.307,0.085,0.741,0.069
SVM,smote,tuned,0.463,0.084,0.608,0.134,0.848,0.071
KNN,smote,tuned,0.367,0.065,0.367,0.105,0.768,0.069
NaiveBayes,baseline,tuned,0.325,0.132,0.356,0.103,0.769,0.065
NaiveBayes,smote,tuned,0.318,0.055,0.338,0.1,0.729,0.068
KNN,baseline,tuned,0.223,0.129,0.249,0.091,0.628,0.068
