model,setting,n_candidates,inner_cv_f1,best_params,search_seconds
GradientBoosting,baseline,30,0.582,subsample=0.7; n_estimators=300; max_depth=1; learning_rate=0.05,3.0
RandomForest,smote,30,0.576,n_estimators=200; min_samples_leaf=5; max_features=sqrt; max_depth=20,5.4
GradientBoosting,smote,30,0.538,subsample=0.7; n_estimators=300; max_depth=2; learning_rate=0.05,5.8
SVM,smote,30,0.53,kernel=linear; gamma=0.01; C=100,18.1
RandomForest,baseline,30,0.519,n_estimators=200; min_samples_leaf=1; max_features=log2; max_depth=8,3.8
DecisionTree,smote,30,0.51,min_samples_leaf=2; max_depth=12; criterion=gini; class_weight=None,0.7
SVM,baseline,30,0.503,kernel=rbf; gamma=0.01; C=0.1,8.5
DecisionTree,baseline,30,0.492,min_samples_leaf=5; max_depth=3; criterion=gini; class_weight=None,3.2
KNN,smote,24,0.385,weights=distance; p=2; n_neighbors=21,0.1
NaiveBayes,baseline,9,0.371,var_smoothing=1e-11,0.1
NaiveBayes,smote,9,0.321,var_smoothing=1e-11,0.1
KNN,baseline,24,0.229,weights=uniform; p=2; n_neighbors=3,0.1
